愛煙家,あいえんか,名詞
愛し合う,あいしあう,動詞（複合動詞）
合図,あいず,動詞／名詞
アイススケート,あいすすけーと,名詞（カタ）
アイスホッケー,あいすほっけー,名詞（カタ）
間,あいだ,名詞
あいつ,あいつ,名詞
アイディア（アイデア）,あいでぃあ,名詞（カタ）
～合う,あう,動詞（複合成分）
青空,あおぞら,名詞
赤っぽい,あかっぽい,い形容詞（複合）
飽きっぽい,あきっぽい,い形容詞（複合）
飽きる,あきる,動詞
握手,あくしゅ,動詞／名詞
アクセル,あくせる,名詞（カタ）
明ける,あける,動詞
あご,あご,名詞
あこれる,あこがれる,動詞
脚,あし,名詞
足首,あしくび,名詞
あじさい,あじさい,名詞
味付け,あじつけ,動詞／名詞
味わう,あじわう,動詞
明日,あす,名詞／副詞
預ける,あずける,動詞
あそび,あそび,名詞
与える,あたえる,動詞
あたりまえ,あたりまえ,名詞
当たる,あたる,動詞
当たる,あたる,動詞
扱い,あつかい,名詞
扱う,あつかう,動詞
あっさり,あっさり,副詞
あっという間に,あっというまに,副詞（複合）
厚み,あつみ,名詞
当てる,あてる,動詞
アドバイス,あどばいす,動詞／名詞（カタ）
穴,あな,名詞
アナウンス,あなうんす,動詞／名詞（カタ）
油,あぶら,名詞
油っぽい,あぶらっぽい,い形容詞（複合）
甘い,あまい,い形容詞
雨具,あまぐ,名詞
アマチュア,あまちゅあ,名詞（カタ）
甘み,あまみ,名詞
アメリカンフットボール,あめりかんふっとぼーる,名詞（カタ）
怪しい,あやしい,い形容詞
改めて,あらためて,副詞
表す・表わす,あらわす,動詞
現れる・現われる,あらわれる,動詞
アリ,あり,名詞
有り難い,ありがたい,い形容詞
ある程度,あるていど,副詞（複合）
合わせる,あわせる,動詞
案外,あんがい,副詞
アンケート,あんけーと,名詞（カタ）
案の定,あんのじょう,副詞
言い合う,いいあう,動詞（複合動詞）
いい加減に,いいかげんに,副詞（複合）
言い間違い,いいまちがい,名詞
家中,いえじゅう,名詞
イエロー,いえろー,名詞（カタ）
意外,いがい,な形容詞
～以外,いがい,接辞（接尾語）
意外にも,いがいにも,副詞
いかが,いかが,副詞
いかにも,いかにも,副詞
生きる,いきる,動詞
（～て）いく（１）,いく,動詞（機能語）
（～て）いく（２）,いく,動詞（機能語）
居酒屋,いざかや,名詞
意識,いしき,動詞／名詞
異常,いじょう,な形容詞
以前（は）,いぜん　,副詞
板,いた,名詞
痛み,いたみ,名詞
いためる,いためる,動詞
一員,いちいん,名詞
一部,いちぶ,名詞
一生,いっしょう,名詞
一層,いっそう,副詞
いっぱい,いっぱい,名詞／副詞
一般,いっぱん,名詞
一般的,いっぱんてき,な形容詞
一服,いっぷく,動詞／名詞
一方,いっぽう,接続詞
一方,いっぽう,名詞
いとこ,いとこ,名詞
居間,いま,名詞
今では,いまでは,副詞
今でも,いまでも,副詞（複合）
今まで,いままで,副詞（複合）
イメージ,いめーじ,動詞／名詞（カタ）
いらいら,いらいら,副詞（擬態）
医療,いりょう,名詞
いわば,いわば,副詞
いわゆる,いわゆる,副詞
飲酒運転,いんしゅうんてん,名詞　
インタビュー,いんたびゅー,名詞（カタ）
ウイスキー,ういすきー,名詞（カタ）
ウイルス,ういるす,名詞（カタ）
ウインク,ういんく,動詞／名詞（カタ）
ウインドーショッピング,ういんどーしょっぴんぐ,動詞／名詞（カタ）
ウール,うーる,名詞（カタ）
浮かぶ,うかぶ,動詞
浮き上がる,うきあがる,動詞（複合動詞）
牛,うし,名詞
後ろ姿,うしろすがた,名詞
薄暗い,うすぐらい,い形容詞
うち,うち,名詞
うっかり,うっかり,副詞
美しい,うつくしい,い形容詞
腕,うで,名詞
うとうと,うとうと,副詞（擬態）
うなずく,うなずく,動詞
うまく,うまく,副詞
うまみ,うまみ,名詞
埋める,うめる,動詞
裏がある,うらがある,慣用句
裏切る,うらぎる,動詞
占い,うらない,名詞
占い師,うらないし,名詞
占う　,うらなう,動詞
売り上げ,うりあげ,名詞
雨量,うりょう,名詞
運,うん,名詞
運賃,うんちん,名詞
運転手,うんてんしゅ,名詞
影響,えいきょう,動詞／名詞
衛星放送,えいせいほうそう,名詞
栄養,えいよう,名詞
笑顔,えがお,名詞
SF映画,えすえふえいが,名詞
エスニック（料理）,えすにっくりょうり,名詞（カタ）
NK（細胞）,えぬけいさいぼう,名詞（固有）
エリート,えりーと,名詞（カタ）
得る,える,動詞
円,えん,名詞
演技,えんぎ,動詞／名詞
園芸,えんげい,名詞
園児,えんじ,名詞
エンスト,えんすと,動詞／名詞（カタ）
演奏,えんそう,動詞／名詞
～円玉,えんだま　,接辞（接尾語）
応援,おうえん,動詞／名詞
応じる,おうじる,動詞（～じる／ずる）
大雨,おおあめ,名詞
大方,おおかた,名詞
大阪城,おおさかじょう,名詞（固有）
オーバー,おーばー,な形容詞
オーバー,おーばー,動詞／名詞（カタ）
大ばか,おおばか,名詞／な形容詞
大昔,おおむかし,名詞
大家（さん）,おおや（さん）,名詞
大雪　,おおゆき,名詞
お金持ち,おかねもち,名詞
おかわり,おかわり,動詞／名詞
怒りっぽい,おこりっぽい,い形容詞（複合）
起こる,おこる,動詞
怒る,おこる,動詞
おごる,おごる,動詞
おじぎ,おじぎ,動詞／名詞
お邪魔します,おじゃまします,慣用句
お総菜,おそうざい,名詞
恐れ入る,おそれいる,動詞　
教わる,おそわる,動詞
お互い,おたがい,副詞
お互い様　,おたがいさま,名詞
落ち着く,おちつく,動詞
おでこ,おでこ,名詞
お年寄り,おとしより,名詞
訪れる,おとずれる,動詞
大人,おとな,名詞
おとなしい,おとなしい,い形容詞
大人っぽい,おとなっぽい,い形容詞（複合）
驚く,おどろく,動詞
鬼,おに,名詞
お似合い,おにあい,名詞
おにぎり,おにぎり,名詞
鬼ごっこ,おにごっこ,名詞
帯びる,おびる,動詞
オフィス,おふぃす,名詞（カタ）
お盆,おぼん,名詞
思い切り,おもいきり,副詞
思いつく,おもいつく,動詞
重み,おもみ,名詞
思わず,おもわず,副詞
親子,おやこ,名詞
おやつ,おやつ,名詞
親指,おやゆび,名詞
オリンピック,おりんぴっく,名詞（カタ）
お礼,おれい,名詞
オレンジ,おれんじ,名詞
～終わる,おわる,動詞（機能語）
温室,おんしつ,名詞
温暖化,おんだんか,名詞
温度,おんど,名詞
解決,かいけつ,動詞／名詞
外出,がいしゅつ,動詞／名詞
海水,かいすい,名詞
～回生,かいせい,接辞（接尾語）
快速（電車）,かいそく,名詞
快適,かいてき,な形容詞
飼い主,かいぬし,名詞
会費,かいひ,名詞
カウンター,かうんたー,名詞（カタ）
かえって,かえって,副詞
代える,かえる,動詞
香り,かおり,名詞
画家,がか,名詞
化学,かがく,名詞
化学調味料,かがくちょうみりょう,名詞
科学的,かがくてき,な形容詞
かかと,かかと,名詞
限る,かぎる,動詞
格言,かくげん,名詞
学習,がくしゅう,動詞／名詞
隠す,かくす,動詞
各地,かくち,名詞
格闘技,かくとうぎ,名詞
学費,がくひ,名詞
額縁,がくぶち,名詞
学歴,がくれき,名詞
隠れる,かくれる,動詞
かける,かける,動詞
掛ける,かける,動詞
過去,かこ,名詞
火災,かさい,名詞
重なる,かさなる,動詞
重ねる,かさねる,動詞
火山,かざん,名詞
賢い,かしこい,い形容詞
数,かず,名詞
肩,かた,名詞
片側,かたがわ,名詞
語り合う,かたりあう,動詞（複合動詞）
～がち,がち,接辞（機能語）
課長,かちょう,名詞
学期,がっき,名詞
かっこいい,かっこいい,い形容詞
学校中,がっこうじゅう,名詞
活発,かっぱつ,な形容詞　
カップル,かっぷる,名詞（カタ）
活躍,かつやく,動詞／名詞
家庭,かてい,名詞
門,かど,名詞
悲しみ,かなしみ,名詞
金づち,かなづち,名詞
必ずしも,かならずしも,副詞
金持ち,かねもち,名詞
可能,かのう,な形容詞
かび,かび,名詞
我慢,がまん,動詞／名詞
髪型,かみがた,名詞
神様,かみさま,名詞
かみつく,かみつく,動詞
雷,かみなり,名詞
仮眠,かみん,名詞
カメラマン,かめらまん,名詞（カタ）
がらがら,がらがら,な形容詞
カラス,からす,名詞
体つき,からだつき,名詞
からっと,からっと,副詞
空手,からて,名詞
辛み,からみ,名詞
がらりと,がらりと,副詞
下流,かりゅう,名詞
軽く,かるく,副詞
ガレージ,がれーじ,名詞（カタ）
彼ら,かれら,名詞
乾かす,かわかす,動詞
川下り,かわくだり,名詞
交す,かわす,動詞
代わり,かわりに,名詞
代わる,かわる,動詞
～感,かん,接辞（接尾語）
ガン,がん,名詞
考えごと,かんがえごと,名詞
かんかんに,かんかんに,副詞（擬態）
観客,かんきゃく,名詞
環境,かんきょう,名詞
関係者,かんけいしゃ,名詞
漢語,かんご,名詞
観光地,かんこうち,名詞
看護婦,かんごふ,名詞
観察,かんさつ,動詞／名詞
鑑賞,かんしょう,動詞／名詞
感じる,かんじる,動詞（～じる／ずる）
感心,かんしん,動詞／名詞
関心,かんしん,名詞
関する,かんする,動詞
完成編,かんせい,動詞／名詞
完全に,かんぜんに,副詞
感想,かんそう,名詞
感想文,かんそうぶん,名詞
関東（地方）,かんとう,名詞（固有）
館内,かんない,名詞
願望,がんぼう,動詞／名詞
漢和（辞典）,かんわ（じてん）,名詞
キーキー,きーきー,副詞（擬音）
議員,ぎいん,名詞
気温,きおん,名詞
気がする,きがする,慣用句
気軽に,きがるに,副詞
期間,きかん,名詞
機関,きかん　,名詞
企業,きぎょう,名詞
きく,きく,動詞
気候,きこう,名詞
帰国,きこく,動詞／名詞
記事,きじ,名詞
技師,ぎし,名詞
気象（庁）,きしょう（ちょう）,名詞
帰省,きせい,動詞／名詞
期待,きたい,動詞／名詞
帰宅,きたく,動詞／名詞
喫煙,きつえん,動詞／名詞
きつね,きつね,名詞
気に入る,きにいる,慣用句
ギネスブック,ぎねすぶっく,名詞（固有）（カタ）
記念,きねん,動詞／名詞
きのこ,きのこ,名詞
希望,きぼう,動詞／名詞
基本的,きほんてき,な形容詞
期末（試験）,きまつ（しけん）,名詞
決まる,きまる,動詞
義務,ぎむ,名詞
疑問,ぎもん,名詞
ギャーギャー,ぎゃーぎゃー,副詞（擬音）
逆に,ぎゃくに,副詞
ギャンブル,ぎゃんぶる,名詞（カタ）
球,きゅう,名詞
休憩室,きゅうけいしつ,名詞
休憩所,きゅうけいじょ,名詞
旧作,きゅうさく,名詞
急ブレーキ,きゅうぶれーき,名詞（カタ）
急用,きゅうよう,名詞
ぎゅっ（と）,ぎゅっと,副詞
競技場,きょうぎじょう,名詞
教授,きょうじゅ,名詞
教習所,きょうしゅうじょ,名詞
競争,きょうそう,動詞／名詞
強調,きょうちょう,動詞／名詞
共通,きょうつう,動詞／名詞
共通点,きょうつうてん,名詞
行列,ぎょうれつ,名詞
漁業,ぎょぎょう,名詞
距離,きょり,名詞
霧,きり,名詞
記録,きろく,名詞
金（色）,きん,名詞
銀（色）,ぎん,名詞
金閣寺,きんかくじ,名詞
空室,くうしつ,名詞
空車,くうしゃ,名詞
グーチョキパー,ぐーちょきぱー,名詞
クーラー,くーらー,名詞（カタ）
臭い,くさい,い形容詞
腐る,くさる,動詞
くすくす,くすくす,副詞（擬態）
薬指,くすりゆび,名詞
崩れる,くずれる,動詞
具体的,ぐたいてき,な形容詞
下る,くだる,動詞
くちばし,くちばし,名詞
唇,くちびる,名詞
ぐっすり,ぐっすり,副詞（擬態）
くっつく,くっつく,動詞
首,くび,名詞
首飾り,くびかざり,名詞
首になる,くびになる,慣用句
工夫,くふう,動詞／名詞
区別,くべつ,動詞／名詞
組む,くむ,動詞
雲,くも,名詞
クラクション,くらくしょん,名詞（カタ）
暮らす,くらす,動詞
グラス,ぐらす,名詞（カタ）
クラス中,くらすじゅう,名詞（カタ）
グラフィック,ぐらふぃっく,名詞（カタ）
比べる,くらべる,動詞
グリーン,ぐりーん,名詞（カタ）
繰り返す,くりかえす,動詞
（～て）くる（２）,くる,動詞（機能語）
（～て）くる（１）,くる,動詞（機能語）
狂う,くるう,動詞
車いす,くるまいす,名詞
グレー,ぐれー,名詞（カタ）
黒帯,くろおび,名詞
クローン（人間）,くろーんにんげん,名詞（カタ）
黒っぽい,くろっぽい,い形容詞（複合）
軍隊,ぐんたい,名詞
訓練,くんれん,動詞／名詞
経営,けいえい,動詞／名詞
経営者,けいえいしゃ,名詞
計画,けいかく,動詞／名詞
景気,けいき,名詞
刑事,けいじ,名詞
形式,けいしき,名詞
芸術,げいじゅつ,名詞
ゲーム,げーむ,名詞（カタ）
劇場,げきじょう,名詞
化粧,けしょう,動詞／名詞
ゲスト,げすと,名詞（カタ）
けち,けち,な形容詞
決意,けつい,動詞／名詞
血液,けつえき,名詞
結果,けっか,名詞
月給,げっきゅう,名詞
けっこう,けっこう,副詞
決して,けっして,副詞
決勝戦,けっしょうせん,名詞
欠席,けっせき,動詞／名詞
月末,げつまつ,名詞
煙,けむり,名詞
げらげら,げらげら,副詞（擬態）
～けれど（も）,けれども,接続詞
～軒,けん,接辞（助数詞）
限界,げんかい,名詞
検査,けんさ,動詞／名詞
現在,げんざい,名詞
現実,げんじつ,名詞
減少,げんしょう,動詞／名詞
検討,けんとう,動詞／名詞
子,こ,名詞
恋,こい,名詞
効果,こうか,名詞
航海,こうかい,動詞／名詞
後悔,こうかい,動詞／名詞
工学,こうがく,名詞
効果的,こうかてき,な形容詞
好奇心,こうきしん,名詞
公共,こうきょう,名詞
工業,こうぎょう,名詞
高校生,こうこうせい,名詞
工事,こうじ,動詞／名詞
後者,こうしゃ,名詞
公衆電話,こうしゅうでんわ,名詞
洪水,こうずい,名詞
高速道路,こうそくどうろ,名詞
校長,こうちょう,名詞
交通費,こうつうひ,名詞
行動,こうどう,動詞／名詞
校内,こうない,名詞
光熱費,こうねつひ,名詞
後輩,こうはい,名詞
後半,こうはん,名詞
興奮,こうふん,動詞／名詞
公務員,こうむいん,名詞
～合目,ごうめ,接辞（助数詞）
コード,こーど,名詞（カタ）
コーナー,こーなー,名詞（カタ）
氷,こおり,名詞
凍る,こおる,動詞
ゴール,ごーる,動詞／名詞（カタ）
ゴールデンウイーク,ごーるでんうぃーく,名詞（カタ）
ゴールド,ごーるど,名詞（カタ）
誤解,ごかい,動詞／名詞
国技,こくぎ,名詞
国語,こくご,名詞　
国籍,こくせき,名詞
黒板,こくばん,名詞
国民,こくみん,名詞
国連（→国際連合）,こくれん（こくさいれんごう）,名詞
焦げる,こげる,動詞
心,こころ,名詞
腰,こし,名詞
小銭,こぜに,名詞
ごちそう,ごちそう,動詞／名詞
国会議員,こっかいぎいん,名詞
国旗,こっき,名詞
こってり,こってり,副詞
異なる,ことなる,動詞
～ごとに,ごとに,接辞（機能語）
子供っぽい,こどもっぽい,い形容詞（複合）
ことわざ,ことわざ,名詞
断る,ことわる,動詞
この（～年）,この,指示詞
この分では,このぶんでは,副詞（複合）
個別に,こべつに,副詞
ごまかす,ごまかす,動詞
コミュニケーション,こみゅにけーしょん,動詞／名詞（カタ）
小指,こゆび,名詞
ご来光,ごらいこう,名詞
こる,こる,動詞
これまで,これまで,副詞（複合）
これら,これら,指示詞
殺す,ころす,動詞
今回,こんかい,名詞
コンクール,こんくーる,名詞（カタ）
今世紀,こんせいき,名詞
コンタクトレンズ,こんたくとれんず,名詞（カタ）
コンビニ,こんびに,名詞（カタ）
ザーザー（と）,ざーざー,副詞（擬音）
最高,さいこう,名詞
細胞,さいぼう,名詞
坂,さか,名詞
逆さま,さかさま,名詞
盛ん,さかん,な形容詞
先,さき,名詞
作業,さぎょう,動詞／名詞
作詞家,さくしか,名詞
昨年,さくねん,名詞
昨晩,さくばん,名詞　
作品,さくひん,名詞
～作目,さくめ,接辞（助数詞）
作物,さくもつ,名詞
叫ぶ,さけぶ,動詞
指す,さす,動詞
さぞ,さぞ,副詞
作家,さっか,名詞
錯覚,さっかく,動詞／名詞
作曲家,さっきょくか,名詞
さっそく,さっそく,副詞
さっと,さっと,副詞
さぼる,さぼる,動詞
様々,さまざま,な形容詞
寒気,さむけ,名詞
左右する,さゆうする,動詞
ざらざら,ざらざら,副詞（擬態）
さらに,さらに,副詞
三角（形）,さんかく（けい）,名詞
産業／～産業,さんぎょう,名詞
参考,さんこう,名詞
算数,さんすう,名詞
塩辛い,しおからい,い形容詞
次回,じかい,名詞
歯学,しがく,名詞
四角（形）,しかく（けい）,名詞
四角い,しかくい,い形容詞
時期,じき,名詞
時給,じきゅう,名詞
しくしく,しくしく,副詞（擬態）
刺激,しげき,動詞／名詞
資源,しげん,名詞
死者,ししゃ,名詞
自信,じしん,名詞
自身,じしん,名詞
施設,しせつ,名詞
時代,じだい,名詞
従う,したがう,動詞
下書き,したがき,動詞／名詞
視聴率,しちょうりつ,名詞
質,しつ,名詞
しっかり,しっかり,副詞
しっかり,しっかり,副詞（擬態）
実感,じっかん,動詞／名詞
しつけ,しつけ,名詞
しつける,しつける,動詞
実現,じつげん,動詞／名詞
実際（に）は,じっさい（に）は,副詞
実際に,じっさいに,副詞
湿度,しつど,名詞
室内,しつない,名詞
実に,じつに,副詞
実力,じつりょく,名詞
自動,じどう,名詞
児童,じどう,名詞
自動的に,じどうてきに,副詞
しとしと,しとしと,副詞（擬態）
しばらくして,しばらくして,副詞（複合）
死亡,しぼう,動詞／名詞
志望,しぼう,動詞／名詞
自慢,じまん,動詞／名詞
市民,しみん,名詞
締切,しめきり,名詞
締め切る,しめきる,動詞
じめじめ,じめじめ,副詞（擬態）
湿っぽい,しめっぽい,い形容詞（複合）
湿る,しめる,動詞
地元,じもと,名詞
社員,しゃいん,名詞
社会人,しゃかいじん,名詞
車庫,しゃこ,名詞
車線,しゃせん,名詞
車内,しゃない,名詞
しゃべる,しゃべる,動詞
邪魔,じゃまする,動詞
じゃんけん,じゃんけん,名詞
「じゃんけん、ぽん」,じゃんけんぽん,表現
～周,しゅう,接辞（数助詞）
～中,じゅう,接辞（機能語）
週刊誌,しゅうかんし,名詞
宗教,しゅうきょう,名詞
従業員,じゅうぎょういん,名詞
集合,しゅうごう,動詞／名詞
修士課程,しゅうしかてい,名詞
就職,しゅうしょく,動詞／名詞
渋滞,じゅうたい,動詞／名詞
重大,じゅうだい,な形容詞
集中的に,しゅうちゅうてき,副詞
～中に,じゅうに,接辞（機能語）
重要,じゅうよう,な形容詞
主演,しゅえん,動詞／名詞
授業料,じゅぎょうりょう,名詞
首相,しゅしょう,名詞
主人公,しゅじんこう,名詞
出荷,しゅっか,動詞／名詞
出産,しゅっさん,動詞／名詞
出社,しゅっしゃ,動詞／名詞
出場,しゅつじょう,動詞／名詞
出身,しゅっしん,名詞
出世,しゅっせ,動詞／名詞
寿命,じゅみょう,名詞
～勝,しょう,接辞（数助詞）
～畳,じょう,接辞（助数詞）
上位,じょうい,名詞
小学～年生,しょうがく～ねんせい,名詞
小学生,しょうがくせい,名詞
しょうがない,しょうがない,い形容詞（複合）
将棋,しょうぎ,名詞
上級,じょうきゅう,名詞
上京,じょうきょう,動詞／名詞
消極的,しょうきょくてき,な形容詞
条件,じょうけん,名詞
上司,じょうし,名詞
商社,しょうしゃ,名詞
乗車,じょうしゃ,動詞／名詞
昇進,しょうしん,動詞／名詞
状態,じょうたい,名詞
招待状,しょうたいじょう,名詞
衝突,しょうとつ,動詞／名詞
少年,しょうねん,名詞
商売,しょうばい,名詞
消費税,しょうひぜい,名詞
商品,しょうひん,名詞
賞品,しょうひん,名詞
勝負,しょうぶ,動詞／名詞
情報,じょうほう,名詞
賞味期限,しょうみきげん,名詞
上流,じょうりゅう,名詞
使用料金,しようりょうきん,名詞
ショーペンハウアー,しょーぺんはうあー,名詞（固有）（カタ）
初級,しょきゅう,名詞
職員,しょくいん,名詞
職業,しょくぎょう,名詞
食中毒,しょくちゅうどく,名詞
食費,しょくひ,名詞
助言,じょげん,動詞／名詞
しょっぱい,しょっぱい,い形容詞
女優,じょゆう,名詞
しり,しり,名詞
知り合い,しりあい,名詞
シリーズ,しりーず,名詞（カタ）
シルバー,しるばー,名詞（カタ）
シルバー産業,しるばーさんぎょう,名詞（カタ）
白帯,しろおび,名詞
じろじろ,じろじろ,副詞（擬態）
白っぽい,しろっぽい,い形容詞（複合）
進学,しんがく,動詞／名詞
新記録,しんきろく,名詞
真剣,しんけん,な形容詞
深刻,しんこく,な形容詞
深刻さ,しんこくさ,名詞
新作,しんさく,名詞
新車,しんしゃ,名詞
申請,しんせい,動詞／名詞
人生,じんせい,名詞
親せき,しんせき,名詞
新鮮,しんせん,な形容詞
心臓,しんぞう,名詞
新入生,しんにゅうせい,名詞
進歩,しんぽ,動詞／名詞
親友,しんゆう,名詞
信頼,しんらい,動詞／名詞
心理学,しんりがく,名詞
吸い殻,すいがら,名詞
数学,すうがく,名詞
数字,すうじ,名詞
ずうずうしい,ずうずうしい,い形容詞
数人,すうにん,名詞
姿,すがた,名詞
～すぎ,すぎ,接辞（機能語）
～好き,ずき,接辞（接尾語）
すぐ（近く）,すぐ,副詞
すごく,すごく,副詞
少しも,すこしも,副詞
過ごす,すごす,動詞
進む,すすむ,動詞
すずめ,すずめ,名詞
進める,すすめる,動詞
すっかり,すっかり,副詞
酸っぱい,すっぱい,い形容詞
すでに,すでに,副詞
ストーブ,すとーぶ,名詞（カタ）
ストーリー,すとーりー,名詞（カタ）
ストライキ,すとらいき,名詞（カタ）
スパゲティ,すぱげてぃ,名詞（カタ）
スピード,すぴーど,名詞（カタ）
スピード違反,すぴーどいはん,名詞（カタ）
すべて,すべて,副詞
滑る,すべる,動詞
済ませる,すませる,動詞
済む,すむ,動詞　
スムーズ,すむーず,な形容詞
スリップ,すりっぷ,動詞／名詞（カタ）
すれ違う,すれちがう,動詞
正確,せいかく,な形容詞
性格,せいかく,名詞
生活費,せいかつひ,名詞
世紀,せいき,名詞
生産,せいさん,動詞／名詞
政治家,せいじか,名詞
清書,せいしょ,動詞／名詞
成人,せいじん,動詞／名詞
成人式,せいじんしき,名詞
精神的,せいしんてき,な形容詞
製造（会社）,せいぞう（がいしゃ）,名詞
成長,せいちょう,動詞／名詞
生徒,せいと,名詞
生年月日,せいねんがっぴ,名詞
政府,せいふ,名詞
生物,せいぶつ,名詞
成分,せいぶん,名詞
西洋,せいよう,名詞
セールス,せーるす,名詞（カタ）
セールスマン,せーるすまん,名詞（カタ）
世界一,せかいいち,名詞
石炭,せきたん,名詞
せっかく,せっかく,副詞
積極的,せっきょくてき,な形容詞
セット,せっと,動詞／名詞（カタ）
節約,せつやく,動詞／名詞
背中,せなか,名詞
セネカ,せねか,名詞（固有）（カタ）
せりふ,せりふ,名詞
全員,ぜんいん,名詞
前回,ぜんかい,名詞
選挙,せんきょ,名詞
センサー,せんさー,名詞（カタ）
選手,せんしゅ,名詞
選択,せんたく,動詞／名詞
宣伝,せんでん,動詞／名詞
先輩,せんぱい,名詞
前半,ぜんはん,名詞　
専門家,せんもんか,名詞
専門用語,せんもんようご,名詞
専用,せんよう,名詞
増加,ぞうか,動詞／名詞
総合的,そうごうてき,な形容詞
総菜,そうざい,名詞
想像,そうぞ,動詞／名詞
早朝,そうちょう,名詞
相当,そうとう,副詞
送料,そうりょう,名詞
育つ,そだつ,動詞
そっくり,そっくり,な形容詞
その辺,そのへん,名詞
そば,そば,名詞
素朴,そぼく,な形容詞
そよそよ,そよそよ,副詞（擬態）
それぞれ,それぞれ,名詞
それでは,それでは,接続詞
それでは,それでは,接続詞
それなのに,それなのに,接続詞
そろう,そろう,動詞
そろえる,そろえる,動詞
～対～,たい,接辞（接尾語）
～代,だい,接辞（助数詞）
～代,だい,接辞（接尾語）
第○志望,だい～しぼう,名詞
退学,たいがく,動詞／名詞
大学院生,だいがくいんせい,名詞
大学生,だいがくせい,名詞
大気（中）,たいきちゅう,名詞
退屈,たいくつ,な形容詞
体験,たいけん,動詞／名詞
対向車,たいこうしゃ,名詞
大事,だいじ,な形容詞
たいしたこと,たいしたこと,名詞（複合）
たいしたもの,たいしたもの,名詞（複合）
（～に）対して,たいして,動詞（複合辞）
退社,たいしゃ,動詞／名詞
体重,たいじゅう,名詞
対象,たいしょう,名詞
退職,たいしょく,動詞／名詞
対する,たいする,動詞
大成功,だいせいこう,名詞
大西洋,たいせいよう,名詞（固有）
タイトル,たいとる,名詞（カタ）
代表的,だいひょうてき,な形容詞
タイプ,たいぷ,名詞（カタ）
だいぶ,だいぶ,副詞
大部分,だいぶぶん,名詞
太平洋,たいへいよう,名詞（固有）
タイムカプセル,たいむかぷせる,名詞（カタ）
題名,だいめい,名詞
タイヤ,たいや,名詞（カタ）
倒す,たおす,動詞
だが,だが,接続詞
互い,たがいに,副詞
高まる,たかまる,動詞
高める,たかめる,動詞　
だから,だから,接続詞
宝くじ,たからくじ,名詞
滝,たき,名詞
抱き合う,だきあう,動詞（複合動詞）
炊く,たく,動詞
確かに,たしかに,副詞
足す,たす,動詞
～出す,だす,動詞（機能語）
助け合う,たすけあう,動詞（複合動詞）
助ける,たすける,動詞
尋ねる,たずねる,動詞
ただ,ただ,副詞
たたく,たたく,動詞
～たち,たち,接辞（接尾語）
たつ,たつ,動詞
建つ,たつ,動詞
達成,たっせい,動詞／名詞
だって,だって,接続詞
縦,たて,名詞
～建て,だて,接辞（接尾語）
立てる,たてる,動詞
たとえ,たとえ,副詞
たとえ,たとえ,名詞
例えば,たとえば,接続詞
たとえる,たとえる,動詞
頼もしい,たのもしい,い形容詞
旅,たび,名詞
食べ物屋,たべものや,名詞
だます,だます,動詞
たまる,たまる,動詞
頼りになる,たよりになる,動詞（複合動詞）
タワー,たわー,名詞（カタ）
～段,だん,接辞（助数詞）
単語,たんご,名詞
単純,たんじゅん,な形容詞
誕生,たんじょう,動詞／名詞
団体（写真）,だんたいしゃしん,名詞
単調,たんちょう,な形容詞
暖冬,だんとう,名詞
男優,だんゆう,名詞
段落,だんらく,名詞
「チーズ」,ちーず,表現
知恵,ちえ,名詞
チェス,ちぇす,名詞（カタ）
違い,ちがい,名詞
近い（将来）,ちかいしょうらい,い形容詞
～近く,ちかく,接辞（接尾語）
近づく,ちかづく,動詞
地球,ちきゅう,名詞
ちなみに,ちなみに,接続詞
地方,ちほう,名詞
チャイム,ちゃいむ,名詞（カタ）
茶色っぽい,ちゃいろっぽい,い形容詞（複合）
ちゃんと,ちゃんと,副詞
中央　,ちゅうおう,名詞　
中華（料理）,ちゅうか（りょうり）,名詞
中級,ちゅうきゅう,名詞
中古車,ちゅうこしゃ,名詞
中旬,ちゅうじゅん,名詞
抽象的,ちゅうしょうてき,な形容詞
～中に,ちゅうに,接辞（機能語）
注目,ちゅうもく,動詞／名詞
注文,ちゅうもん,動詞／名詞
調査,ちょうさ,動詞／名詞
長時間,ちょうじかん,名詞
頂上,ちょうじょう,名詞
挑戦,ちょうせん,動詞／名詞
直径,ちょっけい,名詞
ちょっとした,ちょっとした,い形容詞（複合）
地理,ちり,名詞
チンパンジー,ちんぱんじー,名詞（カタ）
つい,つい,副詞
ついでに,ついでに　,副詞
ついに,ついに,副詞
通勤,つうきん,動詞／名詞
通じる,つうじる,動詞（～じる／ずる）
通訳,つうやく,動詞／名詞
捕まえる,つかまえる,動詞
付き合う,つきあう,動詞（複合動詞）
つけ物,つけもの,名詞
伝え合う,つたえあう,動詞（複合動詞）
～続ける,つづける,動詞（機能語）
つながる,つながる,動詞
つなぐ,つなぐ,動詞
つなげる,つなげる,動詞
津波,つなみ,名詞
～っぽい,っぽい,接辞（機能語）
つま先,つまさき,名詞
つまり,つまり,接続詞
積む,つむ,動詞
つめ,つめ,名詞
つもる,つもる,動詞
梅雨,つゆ,名詞
梅雨明け,つゆあけ,名詞
強まる,つよまる,動詞
強み,つよみ,名詞
強める,つよめる,動詞
つらい,つらい,い形容詞
つるつる,つるつる,副詞（擬態）
出会う,であう,動詞
提案,ていあん,動詞／名詞
ＤＫ,でぃーけー,名詞
ディズニーランド,でぃずにーらんど,名詞（固有）（カタ）
程度,ていど,名詞
テーマ,てーま,名詞（カタ）
テーマパーク,てーまぱーく,名詞（カタ）
手が伸びる,てがのびる,慣用句
出来上がる,できあがる,動詞
出来事,できごと,名詞
適性,てきせい,名詞
適当に,てきとうに,副詞
手首,てくび,名詞
デザート,でざーと,名詞（カタ）
デザイナー,でざいなー,名詞（カタ）
手数料,てすうりょう,名詞
ですけれども,ですけれども,接続詞
哲学者,てつがくしゃ,名詞
哲学的,てつがくてき,な形容詞
鉄道,てつどう,名詞
徹夜,てつや,動詞／名詞
手に入れる,てにいれる,慣用句
手に入る,てにはいる,慣用句
出前,でまえ,動詞／名詞
点,てん,名詞
店員,てんいん,名詞
電球,でんきゅう,名詞
伝言,でんごん,動詞／名詞
展示,てんじ,動詞／名詞
展示場,てんじじょう,名詞
転職,てんしょく,動詞／名詞
天神様,てんじんさま,名詞（固有）
点数,てんすう,名詞
電柱,でんちゅう,名詞
点滅,てんめつ,動詞／名詞
電力（会社）,でんりょくがいしゃ,名詞
～度,ど,接辞（接尾語）
～頭,とう,接辞（助数詞）
答案用紙,とうあんようし,名詞
東海（地方）,とうかい,名詞（固有）
東京タワー,とうきょうたわわー,名詞（固有）（カタ）
当時,とうじ,名詞
～同士,どうし,接辞（接尾語）
同時に,どうじに,副詞
どうしようもない,どうしようもない,い形容詞（複合）
当然,とうぜん,な形容詞
どうやら,どうやら,副詞
東洋,とうよう,名詞
同様に,どうように,副詞
同僚,どうりょう,名詞
道路,どうろ,名詞
遠く,とおく,名詞
通す,とおす,動詞
ドーム球場,どーむきゅうじょう,名詞（カタ）
～どおり,どおり,接辞（機能語）
都会,とかい,名詞
どきっと,どきっと,副詞
どきどき,どきどき,副詞（擬態）
ドキュメンタリー,どきゅめんたりー,名詞（カタ）
得意,とくい,な形容詞
特殊,とくしゅ,な形容詞
特集,とくしゅう,動詞／名詞
読書,どくしょ,動詞／名詞
特徴,とくちょう,動詞／名詞
とげ,とげ,名詞
溶ける　,とける,動詞
どこも,どこも,名詞
ところ,ところ,名詞
ところが,ところが,接続詞
登山,とざん,動詞／名詞
年,とし,名詞
都市,とし,名詞
とじこもる,とじこもる,動詞
年寄り,としより,名詞
都心,としん,名詞
途中,とちゅう,名詞
どちらかと言うと,どちらかというと,副詞（複合）
どちらかと言えば,どちらかといえば,副詞（複合）
読解,どっかい,名詞
トップ,とっぷ,名詞（カタ）
とても（～ない）,とても,副詞
とにかく,とにかく,副詞
飛ばす,とばす,動詞
跳び上がる,とびあがる,動詞（複合動詞）
飛び出す,とびだす,動詞（複合動詞）
飛ぶ,とぶ,動詞
土木（工学）,どぼく（こうがく）,名詞
共に,ともに,副詞
トラ,とら,名詞
取り締まり,とりしまり,名詞
トリックアート,とりっくあーと,名詞（カタ）
努力,どりょく,動詞／名詞
採る,とる,動詞
ドル,どる,名詞（カタ）
トレーニング,とれーにんぐ,動詞／名詞（カタ）
ドレス,どれす,名詞（カタ）
どれも,どれも,名詞
とんでもない,とんでもない,い形容詞
どんどん,どんどん,副詞
内容,ないよう,名詞
流す,ながす,動詞
長そで,ながそで,名詞
長旅,ながたび,名詞
中身,なかみ,名詞
中指,なかゆび,名詞
仲良く,なかよく,副詞
流れ,ながれ,名詞
流れる,ながれる,動詞
鳴く,なく,動詞
亡くす,なくす,動詞
なぐり合う,なぐりあう,動詞（複合動詞）
なぐる,なぐる,動詞
懐かしい,なつかしい,い形容詞
納豆,なっとう,名詞
納得,なっとく,動詞／名詞
夏休み,なつやすみ,名詞
斜め,ななめ,名詞
何よりも,なによりも,副詞
生,なま,名詞
生卵,なまたまご,名詞
悩み,なやみ,名詞
悩む,なやむ,動詞
鳴らす,ならす,動詞
鳴る,なる,動詞
なるほど,なるほど,間投詞
南極,なんきょく,名詞
何でもない,なんでもない,い形容詞（複合）
なんとかする,なんとかする,動詞（複合動詞）
なんとかなる,なんとかなる,動詞（複合動詞）
なんとなく,なんとなく,副詞
南北,なんぼく,名詞
似合う,にあう,動詞
似顔絵,にがおえ,名詞
苦手,にがて,な形容詞
苦み,にがみ,名詞
握りこぶし,にぎりこぶし,名詞
握る,にぎる,動詞
にこにこ,にこにこ,副詞（擬態）
二酸化炭素,にさんかたんそ,名詞
偽物,にせもの,名詞
日本海,にほんかい,名詞（固有）　
日本酒,にほんしゅ,名詞
日本中,にほんじゅう,名詞
にやにや,にやにや,副詞（擬態）
入学金,にゅうがくきん,名詞
入社,にゅうしゃ,動詞／名詞
入社式,にゅうしゃしき,名詞
入場者,にゅうじょうしゃ,名詞
入場料,にゅうじょうりょう,名詞
似る,にる,動詞
煮る,にる,動詞
人間,にんげん,名詞
～人前,にんまえ,接辞（助数詞）
盗む,ぬすむ,動詞
布,ぬの,名詞
塗る,ぬる,動詞
値上がり,ねあがり,動詞／名詞
値下がり,ねさがり,動詞／名詞
ねずみ,ねずみ,名詞
ネックレス,ねっくれす,名詞（カタ）
～年代,ねんだい,接辞（助数詞）
年末,ねんまつ,名詞
年齢,ねんれい,名詞
農業,のうぎょう,名詞
濃度,のうど,名詞
残す,のこす,動詞
乗せる,のせる,動詞
載せる,のせる,動詞
のぞく,のぞく,動詞
伸ばす,のばす,動詞
延ばす,のばす,動詞
野原,のはら,名詞
伸びる,のびる,動詞
延びる,のびる,動詞
上る,のぼる,動詞
のり,のり,名詞
乗り過ごす,のりすごす,名詞
載る,のる,動詞
のんき,のんき,な形容詞
のんびり,のんびり,副詞
バーゲンセール,ばーげんせーる,名詞（カタ）
％（パーセント）,ぱーせんと,名詞（カタ）
パートナー,ぱーとなー,名詞（カタ）
（～）倍,ばい,名詞
灰色,はいいろ,名詞
梅雨,ばいう,名詞
バイキング,ばいきんぐ,名詞（カタ）
バイク,ばいく,名詞（カタ）
ハイテク（産業）,はいてく（さいぎょう）,名詞（カタ）
俳優,はいゆう,名詞
生える,はえる,動詞
墓,はか,名詞
ばか,ばか,名詞／な形容詞
はがす,はがす,動詞
ばからしい,ばからしい,い形容詞
～泊～日,はく～か,表現
博士課程,はくしかてい,名詞
拍手,はくしゅ,動詞／名詞
激しい,はげしい,い形容詞
ハザードランプ,はざーどらんぷ,名詞（カタ）
初めは,はじめは,副詞
～始める,はじめる,動詞（機能語）
バスケットボール,ばすけっとぼーる,名詞（カタ）
はずれる,はずれる,動詞
肌,はだ,名詞
畑,はたけ,名詞
働き,はたらき,名詞
はっきりする,はっきりする,動詞（複合動詞）
発生,はっせい,動詞／名詞
発展,はってん,動詞／名詞
派手,はで,な形容詞
はと,はと,名詞
鼻,はな,名詞
話し合う,はなしあう,動詞（複合動詞）
話しかける,はなしかける,動詞（複合動詞）
放す,はなす,動詞
バナナ,ばなな,名詞（カタ）
離れる,はなれる,動詞
羽,はね,名詞
幅,はば,名詞
はまる,はまる,動詞
場面,ばめん,名詞
腹,はら,名詞
バラ,ばら,名詞
腹が立つ,はらがたつ,慣用句
はらはら,はらはら,副詞（擬態）
ぱらぱら,ぱらぱら,副詞（擬態）
パレード,ぱれーど,動詞／名詞（カタ）
バレーボール,ばれーぼーる,名詞（カタ）
半額,はんがく,名詞
半径,はんけい,名詞
万国博覧会,ばんこくはくらんかい,名詞
反する,はんする,動詞
半そで,はんそで,名詞
パンダ,ぱんだ,名詞
反対に,はんたいに,副詞
判断,はんだん,動詞／名詞
ハンドル,はんどる,名詞（カタ）
犯人,はんにん,名詞
反応,はんのう,動詞／名詞
ハンバーガー,はんばーがー,名詞（カタ）
～費,ひ,接辞（接尾語）
日当り,ひあたり,名詞
被害,ひがい,名詞
日帰り,ひがえり,名詞
光,ひかり,名詞
悲観的,ひかんてき,な形容詞
～匹,ひき,接辞（助数詞）
引き受ける,ひきうける,動詞（複合動詞）
引く,ひく,動詞
ひく,ひく,動詞
引く,ひく,動詞
ひげ,ひげ,名詞
日ごろ,ひごろ,名詞
ひざ,ひざ,名詞
ピザ,ぴざ,名詞（カタ）
ひじ,ひじ,名詞
美術館,びじゅつかん,名詞
非常に,ひじょうに,副詞
非常ベル,ひじょうべる,名詞（カタ）
額,ひたい,名詞
ビタミンＣ,びたみんしー,名詞（カタ）
筆記（試験）,ひっきしけん,名詞
ヒット,ひっと　,動詞／名詞（カタ）
一安心,ひとあんしん,動詞／名詞
ひどい目にあう,ひどいめにあう,慣用句
人指し指,ひとさしゆび,名詞
～人たち,ひとたち,名詞
一晩中,ひとばんじゅう,名詞
一人暮らし,ひとりぐらし,名詞
日の出,ひので,名詞
ビュービュー,びゅーびゅー,副詞（擬音）
表現,ひょうげん,動詞／名詞
表示,ひょうじ,動詞／名詞
美容師,びようし,名詞
平等,びょうどう,な形容詞
広がる,ひろがる,動詞
広げる,ひろげる,動詞
広まる,ひろまる,動詞
広める,ひろめる,動詞
ピンク,ぴんく,名詞（カタ）
品質,ひんしつ,名詞
無愛想,ぶあいそう,な形容詞
不安,ふあん,な形容詞
～ふう　,ふう,名詞（機能語）
風景,ふうけい,名詞
夫婦,ふうふ,名詞
不快,ふかい,な形容詞
深まる,ふかまる,動詞
深み,ふかみ,名詞
深める,ふかめる,動詞
ふく,ふく,動詞
福,ふく,名詞
服装,ふくそう,動詞
含む,ふくむ,動詞
含める,ふくめる,動詞
不思議,ふしぎ,な形容詞
富士山,ふじさん,名詞（固有）
無事に,ぶじに,副詞
不自由,ふじゆう,な形容詞
婦人,ふじん,名詞
不親切,ふしんせつ,な形容詞
（～）不足,ぶそく,名詞
双子,ふたご,名詞
豚肉,ぶたにく,名詞
普段,ふだん,副詞
不注意,ふちゅうい,名詞
部長,ぶちょう,名詞
ぶつける,ぶつける,動詞
物理,ぶつり,名詞
舟,ふね,名詞
部分,ぶぶん,名詞
ブラウン,ぶらうん,名詞（カタ）
プラス,ぷらす,名詞（カタ）
ブラック,ぶらっく,名詞（カタ）
ぶらぶら,ぶらぶら,副詞（擬態）
ブランド,ぶらんど,名詞（カタ）
ブランド物,ぶらんどもの,名詞（カタ）
振り返る,ふりかえる,動詞
振り向く,ふりむく,動詞
振る,ふる,動詞
ブルー,ぶるー,名詞（カタ）
フルーツ,ふるーつ,名詞（カタ）
ブルーベリー,ぶるーべりー,名詞（カタ）
ふるさと,ふるさと,名詞
古本屋,ふるほんや,名詞
ブレーキ,ぶれーき,名詞（カタ）
プロ,ぷろ,名詞（カタ）
噴火,ふんか,名詞
文型,ぶんけい,名詞
文系,ぶんけい,名詞
文集,ぶんしゅう,名詞
文章,ぶんしょう,名詞
～分の～,ぶんの,表現
分野,ぶんや,名詞
ヘアスタイル,へあすたいる,名詞（カタ）
平均,へいきん,動詞／名詞
平年　,へいねん,名詞
平面,へいめん,名詞
別,べつ,名詞
ペットボトル,ぺっとぼとる,名詞（カタ）
ヘッドライト,へっどらいと,名詞（カタ）
別に,べつに,副詞
減らす,へらす,動詞
ぺらぺら,ぺらぺら,副詞（擬態）
ベランダ,べらんだ,名詞（カタ）
ヘリコプター,へりこぷたー,名詞（カタ）
ベル,べる,名詞（カタ）
ベルト,べると,名詞（カタ）
変化,へんか,動詞／名詞
ペンキ,ぺんき,名詞（カタ）
変更,へんこう,動詞／名詞
ベンチ,べんち,名詞（カタ）
返品,へんぴん,動詞／名詞
方,ほう,名詞
方,ほう,名詞
棒,ぼう,名詞
方言,ほうげん,名詞
報酬,ほうしゅう,名詞
ほえる,ほえる,動詞
ほお／ほほ,ほお,名詞
ホーム,ほーむ,名詞（カタ）
ほがらか,ほがらか,な形容詞
干す,ほす,動詞
細長い,ほそながい,い形容詞
ホットドッグ,ほっとどっぐ,名詞（カタ）
ボディ,ぼでぃ,名詞（カタ）
ボディランゲージ,ぼでぃらんげーじ,名詞（カタ）
ほめる,ほめる,動詞
ホワイト,ほわいと,名詞（カタ）
本当は,ほんとうは,副詞
本人,ほんにん,名詞
ほんの,ほんの,副詞
本文,ほんぶん,名詞
ぽんぽん（と）,ぽんぽん,副詞（擬態）
本物,ほんもの,名詞
本来,ほんらい,名詞／副詞
まあまあ,まあまあ,副詞
マイナス,まいなす,名詞（カタ）
前もって,まえもって,副詞
任せる,まかせる,動詞
まさか,まさか,副詞
まさに,まさに,副詞
まし,まし,な形容詞
ますます　,ますます,副詞
また,また,接続詞
街,まち,名詞
待ち合わせ,まちあわせ,動詞／名詞
間違う,まちがう,動詞
町中,まちじゅう,名詞
真っ赤,まっか,な形容詞
真っ黒,まっくろ,な形容詞
マッサージ,まっさーじ,動詞／名詞（カタ）
真っ青,まっさお,な形容詞
真っ白,まっしろ,な形容詞
全く,まったく,副詞
全く,まったく,副詞
マナー,まなー,名詞（カタ）
真夏,まなつ,名詞
学ぶ,まなぶ,動詞
迷う,まよう,動詞
～まる,まる,接辞（機能語）
丸い,まるい,い形容詞
まるで,まるで,副詞
丸み,まるみ,名詞
満員,まんいん,名詞
マンガ／漫画,まんが,名詞
漫才,まんざい,名詞
満室,まんしつ,名詞
満車,まんしゃ,名詞
満足,まんぞく,動詞／名詞
満足感,まんぞくかん,名詞
～み,み,接辞（接尾語）
見かける,みかける,動詞
ミス,みす,名詞（カタ）
湖,みずうみ,名詞
水着,みずぎ,名詞
水っぽい,みずっぽい,い形容詞（複合）
みそ汁,みそしる,名詞
～みたい,みたい,接辞（機能語）
導く,みちびく,動詞
見つめ合う,みつめあう,動詞（複合動詞）
認める　,みとめる,動詞
緑,みどり,名詞
身につく,みにつく,慣用句
身につける,みにつける,慣用句
ミュージシャン,みゅーじしゃん,名詞（カタ）
～向き,むき,接辞（接尾語）
向く,むく,動詞
向ける,むける,動詞
虫,むし,名詞
むしろ,むしろ,副詞
蒸す,むす,動詞
結び付ける,むすびつける,動詞（複合動詞）
夢中,むちゅう,名詞
無名,むめい,名詞
村中,むらじゅう,名詞
無理に,むりに,副詞
～め,め,接辞（接尾語）
名言,めいげん,名詞
迷惑,めいわく,な形容詞／名詞
迷惑する,めいわくする,動詞
メーカー,めーかー,名詞（カタ）
メール,めーる,動詞／名詞（カタ）
目がない,めがない,慣用句
目指す,めざす,動詞
メジャーリーグ,めじゃーりーぐ,名詞（固有）（カタ）
メッセージ,めっせーじ,名詞（カタ）
～目にあう,めにあう,慣用句
～める,める,接辞（接尾語）
免疫力,めんえきりょく,名詞
免許,めんきょ,名詞
面接,めんせつ,動詞／名詞
面接試験,めんせつしけん,名詞
目的地,もくてきち,名詞
目標,もくひょう,名詞
文字,もじ,名詞
文字通り,もじどおり,副詞（複合）
もしも,もしも,副詞
もしものこと,もしものこと,名詞（複合）
もち,もち,名詞
もったいない,もったいない,い形容詞
最も,もっとも,副詞
モデル,もでる,名詞（カタ）
求める,もとめる,動詞
元々,もともと,副詞
～物,もの,接辞（接尾語）
物語,ものがたり,名詞
物づくり,ものづくり,名詞
桃色,ももいろ,名詞
燃やす,もやす,動詞
盛りつける,もりつける,動詞（複合動詞）
盛る,もる,動詞
文句,もんく,名詞
焼き肉,やきにく,名詞
野球場,やきゅうじょう,名詞
約,やく,副詞
役者,やくしゃ,名詞
役割,やくわり,名詞
安っぽい,やすっぽい,い形容詞（複合）
屋台,やたい,名詞
やっぱり,やっぱり,副詞
野党,やとう,名詞
やはり,やはり,副詞
破る,やぶる,動詞
病,やまい,名詞
病は気から,やまいはきから,慣用句（ことわざ）
山火事,やまかじ,名詞
山小屋,やまごや,名詞
やや,やや,副詞
やる気,やるき,名詞
勇気,ゆうき,名詞
友情,ゆうじょう,名詞
友人,ゆうじん,名詞
雪国,ゆきぐに,名詞
譲る,ゆずる,動詞
豊か,ゆたか,な形容詞
油断,ゆだん,動詞／名詞
ゆでる,ゆでる,動詞
ゆとり,ゆとり,名詞
指,ゆび,名詞
指先,ゆびさき,名詞
許す,ゆるす,動詞
揺れる,ゆれる,動詞
夜明け,よあけ,名詞
陽気,ようき,な形容詞
用語,ようご,名詞
用紙,ようし,名詞
要素,ようそ,名詞
幼稚園,ようちえん,名詞
用例,ようれい,名詞
予感,よかん,動詞／名詞
よく,よく,副詞
予言,よげん,動詞／名詞
予告,よこく,動詞／名詞
横になる,よこになる,慣用句
よし,よし,間投詞
予選,よせん,名詞
予想,よそう,動詞／名詞
予測,よそく,動詞／名詞
予知,よち,動詞／名詞
ヨット,よっと,名詞
酔っ払う,よっぱらう,動詞
与党,よとう,名詞
夜中,よなか,名詞
世の中,よのなか,名詞
予備,よび,名詞
予備校,よびこう,名詞
呼ぶ,よぶ,動詞
予防,よぼう,動詞／名詞
より,より,副詞
喜ぶ,よろこぶ,動詞
弱まる,よわまる　,動詞
弱み,よわみ,名詞
弱める,よわめる,動詞
～ら,ら,接辞（接尾語）
ラーメン,らーめん,名詞（カタ）
ライオン,らいおん,名詞（カタ）
ライバル,らいばる,名詞（カタ）
落語,らくご,名詞
落石,らくせき,名詞
ラグビー,らぐびー,名詞（カタ）
楽観的,らっかんてき,な形容詞
ラベル,らべる,名詞（カタ）
ランク,らんく,動詞／名詞（カタ）
リーダー,りーだー,名詞（カタ）
理科,りか,名詞
理解,りかい,動詞／名詞
理系,りけい,名詞
～率,りつ,接辞（接尾語）
立体的,りったいてき,な形容詞
立派,りっぱ,な形容詞
流行,りゅうこう,動詞／名詞
リュックサック,りゅっくさっく,名詞（カタ）
～料,りょう,接辞（接尾語）
両側,りょうがわ,名詞
料金,りょうきん,名詞
林業,りんぎょう,名詞
礼,れい,名詞
0.～,れいてん～,数
冷凍,れいとう,動詞／名詞
レシート,れしーと,名詞（カタ）
列,れつ,名詞
レッド,れっど,名詞（カタ）
列島,れっとう,名詞
レベル,れべる,名詞（カタ）
レポート,れぽーと,名詞（カタ）
恋愛,れんあい,動詞／名詞
連想,れんそう,動詞／名詞
レンタル料,れんたるりょう,名詞（カタ）
老後,ろうご,名詞
ろうそく,ろうそく,名詞
老婆,ろうば,名詞
ロープ,ろーぷ,名詞（カタ）
ロボット,ろぼっと,名詞（カタ）
～羽,わ,接辞（助数詞）
我が社,わがしゃ,名詞
わがまま,わがまま,な形容詞
若者,わかもの,名詞
分かれる,わかれる,動詞
わくわく,わくわく,副詞（擬態）
和語,わご,名詞
わざわざ,わざわざ,副詞
忘れっぽい,わすれっぽい,い形容詞（複合）
話題,わだい,名詞
笑い,わらい,名詞
笑う門には福来たる,わらうかどにはふくきたる,慣用句（ことわざ）
～割,わり,接辞（助数詞）
割合,わりあい,名詞
割り込む,わりこむ,動詞（複合動詞）
割る,わる,動詞
割る,わる,動詞